team,conf,record,torvik_rating,torvik_rk,kp_rating,kp_rk,net,elo,resume,wins_above_bubble,wins_above_bubble_rk,torvik_seed,quad1,quad2,quad3,quad4,torvik_off,torvik_off_rk,torvik_def,torvik_def_rk,torvik_tempo,torvik_tempo_rk,kp_off,kp_off_rk,kp_def,kp_def_rk,kp_tempo,kp_tempo_rk,kp_sos,kp_sos_rk,date
Houston,B12,26-3,0.974377,1,31.91,1,1,2,3,8.5576718256158,2,1,10-3,4-0,5-0,7-0,121.679,14,88.6782,1,63.9054,346,121.2,14,89.3,1,63.9,346,9.43,35,2024-03-07
Purdue,B10,27-3,0.960781,3,29.94,3,2,1,1,10.45435754147,1,1,11-3,6-0,7-0,3-0,128.226,1,97.0918,19,67.9329,169,126.9,2,96.9,20,67.8,185,12.9,3,2024-03-07
Connecticut,BE,26-3,0.962227,2,30.51,2,3,3,2,7.9987917215403,3,1,10-3,5-0,2-0,9-0,127.492,3,96.2087,15,64.8559,327,126.6,3,96.1,15,64.7,332,7.54,73,2024-03-07
Arizona,P12,23-6,0.948376,4,28.03,4,4,8,8,5.1399963955083,8,2,7-3,6-2,8-1,2-0,124.416,6,96.5944,18,72.7672,14,123.9,6,95.9,14,72.7,15,10.02,23,2024-03-07
Tennessee,SEC,23-6,0.941654,7,27.81,6,5,4,4,6.0994267221824,4,1,7-5,5-1,6-0,5-0,118.634,23,93.1488,4,69.789,69,119.4,19,91.6,3,69.9,67,11.21,10,2024-03-07
Auburn,SEC,23-7,0.946896,5,27.88,5,6,12,55,3.9751401401272,14,5,1-7,8-0,9-0,5-0,121.788,13,94.7996,8,69.9603,62,121.3,13,93.4,5,69.9,69,8.65,48,2024-03-07
Alabama,SEC,20-10,0.917965,12,24.09,9,7,25,24,3.8223836848488,15,3,4-9,7-1,6-0,3-0,127.521,2,103.366,107,72.777,13,127.5,1,103.4,106,73,9,13.5,2,2024-03-07
Iowa St.,B12,23-6,0.942606,6,24,10,8,6,12,4.902824682395,10,4,6-4,5-2,3-0,9-0,114.808,52,90.0073,2,68.1955,149,114.3,63,90.3,2,68,170,7.73,72,2024-03-07
Duke,ACC,24-6,0.929276,8,26.33,7,9,7,17,4.4871530112678,12,2,5-3,6-3,7-0,6-0,123.024,8,98.3383,25,67.0184,225,123.5,7,97.2,22,66.9,242,7.41,77,2024-03-07
North Carolina,ACC,24-6,0.923519,11,24.6,8,10,5,10,5.7269691320345,5,2,6-4,6-2,7-0,5-0,117.538,30,94.6457,6,70.7503,44,118.2,26,93.6,6,70.8,41,10.08,22,2024-03-07
Creighton,BE,22-8,0.917772,13,23.96,11,11,15,9,4.3414452660589,13,3,7-6,7-2,1-0,7-0,121.66,15,98.6375,29,66.9223,231,121.4,12,97.4,24,67,230,10.13,20,2024-03-07
BYU,B12,21-8,0.899472,18,21.47,16,12,32,13,2.841239497799,21,4,6-5,3-3,3-0,9-0,122.261,9,101.049,60,69.2154,95,121.8,9,100.3,53,69.3,90,8.12,63,2024-03-07
Baylor,B12,22-8,0.911135,14,23.16,13,13,17,6,5.1919217485507,7,3,8-6,5-2,3-0,5-0,125.272,5,102.318,87,65.9162,278,124.8,5,101.6,74,65.8,289,12.62,4,2024-03-07
Marquette,BE,22-7,0.926837,9,23.01,14,14,11,5,5.323751543127,6,2,8-6,4-1,4-0,6-0,120.208,16,96.3933,17,69.8916,65,119.2,21,96.2,18,69.9,70,10.89,12,2024-03-07
Illinois,B10,22-8,0.91087,15,23.45,12,15,21,30,3.7835589007311,16,4,5-6,5-2,7-0,5-0,126.462,4,103.32,106,69.9859,61,126.3,4,102.9,95,70,65,9.63,29,2024-03-07
Kansas,B12,22-8,0.923927,10,21.34,17,16,27,7,4.9343722963599,9,3,7-6,5-1,5-1,4-0,117.686,28,94.717,7,69.0027,108,116,39,94.7,10,69.2,97,12.42,5,2024-03-07
Gonzaga,WCC,24-6,0.910433,16,21.98,15,17,13,43,2.5160715683081,26,5,3-5,3-1,4-0,13-0,122.178,10,99.8662,44,69.4743,81,121.5,11,99.5,40,69.6,77,1.83,114,2024-03-07
Saint Mary's,WCC,24-7,0.9097,17,18.97,21,18,22,38,0.69861804142966,49,8,4-3,3-2,3-2,13-0,116.658,33,95.4287,12,62.4459,357,115.1,52,96.1,16,62.4,357,1.78,116,2024-03-07
San Diego St.,MWC,22-8,0.875923,24,20.03,20,19,29,36,2.884174543593,20,6,3-7,6-1,4-0,7-0,112.917,74,95.2691,11,66.7295,244,114.3,62,94.3,9,66.7,248,9.85,25,2024-03-07
Kentucky,SEC,21-8,0.889446,21,20.52,18,20,28,11,2.7326852761741,23,4,5-6,2-1,9-1,5-0,124.247,7,103.644,115,72.5775,15,123.4,8,102.8,93,72.8,14,8.37,61,2024-03-07
Dayton,A10,23-6,0.861446,32,18.3,27,21,18,53,3.2626036385264,18,7,3-3,5-3,8-0,7-0,119.065,19,101.572,72,63.9781,345,119.7,17,101.3,66,64.2,340,5.22,87,2024-03-07
Michigan St.,B10,17-12,0.896353,19,20.3,19,22,60,31,0.16242839857283,53,7,4-8,5-4,5-0,4-0,115.867,43,96.0483,14,65.8148,287,115.9,41,95.6,12,65.8,291,11.34,8,2024-03-07
Wisconsin,B10,18-11,0.871462,26,18.84,22,23,70,14,1.8436588873724,32,6,6-7,6-4,2-0,4-0,119.702,17,101.349,66,64.9119,323,119.7,16,100.9,61,65,323,12.41,6,2024-03-07
Clemson,ACC,21-9,0.872498,25,18.81,23,24,33,20,2.147943693108,28,5,5-4,5-3,6-2,5-0,119.229,18,100.868,57,66.5962,252,119.3,20,100.5,57,66.6,254,9.2,40,2024-03-07
Villanova,BE,17-12,0.870739,27,18.69,24,25,69,29,-0.50499108897909,63,8,4-8,6-2,2-3,5-0,113.179,69,95.8799,13,63.7788,348,114.3,64,95.6,13,63.8,347,10.4,16,2024-03-07
Florida,SEC,21-9,0.894136,20,18.59,25,26,24,26,2.6505365923881,24,5,4-8,3-1,8-0,6-0,121.815,12,101.187,62,71.2818,28,120.6,15,102,80,71.2,29,9.25,38,2024-03-07
Boise St.,MWC,21-9,0.845727,39,16.43,41,27,41,18,0.73555319086196,47,9,5-4,3-4,3-1,8-0,115.911,42,99.9703,46,66.8769,234,115.1,51,98.7,34,67.2,223,7.79,69,2024-03-07
Texas,B12,19-11,0.887782,23,18.39,26,28,53,21,1.4895870708889,36,6,5-8,1-2,5-1,8-0,119.008,20,99.4184,39,67.3028,210,118.4,24,100,46,67.4,210,9.76,28,2024-03-07
New Mexico,MWC,21-8,0.861719,31,16.94,36,29,46,63,0.66352562632315,50,2,2-5,4-1,5-1,9-1,116.6,34,99.4498,40,73.5755,5,116.5,34,99.5,39,73.5,5,5.55,85,2024-03-07
Indiana St.,MVC,26-5,0.836461,43,15.37,46,30,19,89,2.37379188092,27,11,1-3,4-1,9-0,11-1,118.616,24,102.922,97,70.8844,38,118.2,27,102.9,96,70.9,38,0.62,135,2024-03-07
Colorado,P12,20-9,0.862028,30,17.66,31,31,47,70,0.60984401837351,51,11,1-5,7-4,6-0,6-0,118.088,27,100.696,55,68.7772,118,118.4,23,100.7,58,68.7,127,6.67,80,2024-03-07
Nevada,MWC,25-6,0.852444,36,16.87,38,32,10,16,3.1467012886112,19,6,6-5,2-0,5-1,11-0,115.677,44,99.3144,36,67.0001,228,115.7,43,98.8,35,66.9,237,4.59,90,2024-03-07
Mississippi St.,SEC,19-10,0.863935,29,17.64,32,33,51,44,1.3842698660493,37,9,3-7,4-2,7-0,5-1,113.175,70,96.3714,16,67.783,182,113.8,71,96.2,17,67.7,193,9.48,34,2024-03-07
St. John's,BE,18-12,0.888971,22,18.09,29,34,62,23,0.15515352542751,58,8,5-9,4-2,3-1,6-0,118.131,25,98.5835,26,69.4238,85,117.2,29,99.1,37,69.5,84,10.01,24,2024-03-07
Texas Tech,B12,21-9,0.856626,34,18,30,35,40,35,2.5084257673921,25,7,4-8,3-1,6-0,8-0,118.927,21,101.806,75,66.4179,260,119.1,22,101.1,63,66.7,252,8.67,47,2024-03-07
Colorado St.,MWC,21-9,0.846461,38,17.06,35,36,55,42,1.1419934299847,41,11,4-6,4-2,6-1,5-0,114.597,54,98.7881,31,66.205,266,115.6,44,98.5,30,66.2,270,8.63,49,2024-03-07
Florida Atlantic,Amer,22-7,0.801174,54,16.59,40,37,36,71,1.17541807822,40,11,1-3,6-2,9-0,6-2,118.115,26,104.635,133,67.7299,186,119.5,18,102.9,94,67.9,178,4.23,93,2024-03-07
Utah St.,MWC,24-5,0.807237,52,15.37,45,38,14,45,3.2866730553865,17,9,3-4,5-1,5-0,9-0,113.988,61,100.641,54,69.017,106,115.1,50,99.8,43,69.1,104,5.23,86,2024-03-07
Washington St.,P12,23-7,0.83896,42,16.63,39,39,16,25,2.8353371118861,22,7,5-3,4-3,7-1,7-0,115.154,49,99.7581,43,65.1806,315,115.5,48,98.8,36,65.1,318,5.92,83,2024-03-07
TCU,B12,19-10,0.856139,35,17.63,33,40,49,46,1.3939776512825,33,10,2-10,5-0,5-0,8-0,116.04,38,99.369,38,70.1166,56,116.2,37,98.5,32,69.9,68,8.43,57,2024-03-07
Wake Forest,ACC,18-12,0.858067,33,18.25,28,41,76,54,-1.3221677699185,75,5,2-6,5-5,5-1,6-0,117.556,29,100.529,52,68.4417,139,118.3,25,100.1,48,68.6,131,7.77,70,2024-03-07
Oklahoma,B12,20-10,0.844585,40,16.88,37,42,61,37,1.8493932103699,31,9,3-9,6-1,3-0,8-0,114.221,59,98.5872,27,67.1911,218,114.8,54,97.9,25,67.1,225,8.93,43,2024-03-07
Nebraska,B10,21-9,0.870495,28,17.21,34,43,39,49,1.9238955855227,30,10,3-7,4-2,7-0,7-0,115.491,45,97.8569,22,68.6346,125,115.5,46,98.3,29,68.6,135,7.95,66,2024-03-07
Pittsburgh,ACC,20-10,0.829535,45,15.81,42,44,43,56,0.054508272682523,61,11,2-6,5-2,6-2,7-0,116.024,39,101.11,61,66.2171,265,116.2,36,100.4,54,66,281,6.42,81,2024-03-07
Cincinnati,B12,17-13,0.821168,47,15.51,43,45,86,48,-1.1903391953484,74,7,3-10,2-1,3-2,9-0,111.748,91,97.876,23,67.6326,192,112.6,83,97.1,21,67.7,194,8.92,44,2024-03-07
Utah,P12,18-11,0.833193,44,15.22,48,46,73,41,0.3083603927184,57,1,3-7,5-3,6-1,4-0,114.864,51,99.872,45,69.5812,77,115.5,45,100.3,52,69.5,82,9.52,33,2024-03-07
South Carolina,SEC,24-5,0.840804,41,15.41,44,47,9,39,4.5937846057463,11,8,4-3,6-0,5-2,9-0,115.273,47,99.7421,42,63.3279,353,115.1,49,99.7,41,63.2,354,5.14,88,2024-03-07
Drake,MVC,25-6,0.808476,51,13.72,55,48,26,67,0.91740071697109,44,6,3-1,2-3,10-2,9-0,116.12,36,102.452,92,68.1205,155,116.1,38,102.4,89,68.3,150,1.33,127,2024-03-07
Virginia,ACC,21-9,0.795905,56,11.84,68,49,45,50,1.3627352806841,38,11,2-6,6-3,7-0,6-0,105.826,198,94.0154,5,60.5581,362,106.1,194,94.3,8,60.6,362,7.49,75,2024-03-07
SMU,Amer,19-10,0.806276,53,13.69,56,50,78,118,-2.6479822995926,87,21,0-5,2-3,9-1,7-1,114.269,58,100.943,58,67.6916,188,113.9,69,100.2,51,67.8,188,2.72,108,2024-03-07
Princeton,Ivy,23-3,0.736627,84,12.33,63,51,20,104,2.1397820347906,29,12,0-0,3-3,9-0,9-0,115.01,50,105.17,141,64.3187,337,116.8,30,104.5,125,64.4,335,-0.16,152,2024-03-07
Northwestern,B10,20-9,0.849538,37,15.32,47,52,54,22,1.9518986412866,34,10,5-6,5-3,3-0,7-1,118.781,22,102.182,84,64.15,339,117.7,28,102.4,87,64.3,339,8.46,53,2024-03-07
James Madison,SB,28-3,0.765544,70,12.37,62,53,30,88,1.5510836160157,35,12,1-1,0-1,6-1,20-0,112.533,82,101.529,71,70.3904,53,113.8,70,101.5,69,70.2,57,-5.18,299,2024-03-07
Virginia Tech,ACC,17-13,0.814793,50,14.25,50,54,79,51,-1.5182290034094,77,12,3-8,3-4,5-1,6-0,116.913,32,102.782,95,67.6216,193,116.5,33,102.3,83,67.7,195,9.26,37,2024-03-07
Texas A&M,SEC,16-13,0.779684,64,13.73,54,55,88,19,-1.0489122949321,71,9,6-6,3-3,2-4,5-0,112.768,77,101.032,59,65.4271,302,114.6,59,100.8,60,65.6,298,10.16,19,2024-03-07
Grand Canyon,WAC,26-4,0.7456,79,12.68,58,56,35,95,1.0016956434577,43,12,1-1,2-2,7-1,15-0,112.395,86,102.363,90,68.097,157,114.1,68,101.4,68,68.1,156,-2.5,221,2024-03-07
Iowa,B10,18-12,0.82899,46,15.06,49,57,56,47,0.56336416393232,52,3,3-8,5-3,4-1,6-0,121.965,11,106.322,160,71.8237,23,121.6,10,106.5,160,71.6,27,10.6,15,2024-03-07
McNeese St.,Slnd,27-3,0.732676,85,11.9,67,58,34,111,0.83840558189581,46,12,0-0,3-2,3-0,17-1,111.565,95,102.2,85,65.866,284,113.4,74,101.5,73,66.2,268,-6.61,327,2024-03-07
Ohio St.,B10,18-12,0.819549,48,13.79,53,59,72,40,-0.8435544280923,68,8,3-6,2-5,8-1,5-0,115.94,41,101.645,73,65.6166,296,115.8,42,102,81,65.7,296,8.75,45,2024-03-07
Bradley,MVC,21-10,0.794545,57,11.78,69,60,67,116,-2.6656253993947,88,25,0-3,3-4,12-2,5-1,114.003,60,101.353,67,66.4959,257,113.3,76,101.5,70,66.6,256,2.93,102,2024-03-07
Xavier,BE,15-14,0.783108,61,14.03,51,61,99,52,-1.6214527503624,79,22,3-10,4-2,1-1,7-1,113.495,65,101.506,70,71.0629,32,114.5,60,100.5,55,71.1,33,10.63,14,2024-03-07
Providence,BE,19-11,0.780714,63,12.9,57,62,71,28,0.44528988596111,54,4,5-8,2-3,2-0,10-0,109.39,129,97.9546,24,68.177,151,109.7,128,96.8,19,68.1,160,8.03,65,2024-03-07
San Francisco,WCC,22-9,0.747325,77,11.47,71,63,83,115,-1.9132085485575,82,28,0-6,1-3,5-0,15-0,110.336,109,100.407,51,67.6563,190,110.6,106,99.2,38,68,166,-1.49,194,2024-03-07
Oregon,P12,19-10,0.783433,60,12.31,65,64,66,61,0.0796596726506,60,17,2-5,3-4,9-1,5-0,114.459,57,102.351,88,67.8614,173,114.6,57,102.3,84,67.9,171,7.48,76,2024-03-07
UCF,B12,15-13,0.779424,65,12.32,64,65,105,68,-2.672782776926,89,24,2-7,3-3,3-2,7-1,105.916,195,94.9054,9,68.9845,109,107.1,176,94.8,11,68.9,114,7.8,68,2024-03-07
Butler,BE,17-13,0.789183,58,12.16,66,66,93,34,-0.61113579136874,66,13,4-11,3-2,2-0,7-0,114.552,55,102.129,81,68.4467,138,114.9,53,102.8,90,68.4,141,11.1,11,2024-03-07
Seton Hall,BE,18-11,0.815156,49,12.58,60,67,57,15,1.1798358260304,39,10,6-7,3-3,2-1,8-0,112.41,84,98.8025,32,66.2539,263,112.6,84,100,47,66.4,263,9.83,26,2024-03-07
St. Bonaventure,A10,18-10,0.736683,83,10.14,81,68,92,135,-2.6228913474308,96,34,0-4,2-2,8-3,8-2,113.183,68,103.497,113,66.169,270,113.1,78,103,99,66.3,265,2.05,111,2024-03-07
Appalachian St.,SB,26-5,0.724359,90,11.11,74,69,37,77,0.10454590303434,59,18,2-0,1-0,7-4,14-1,107.814,160,99.1264,35,67.3526,206,109.2,139,98.1,27,67.5,200,-2.04,208,2024-03-07
Richmond,A10,22-7,0.762702,71,10.85,77,70,31,81,0.51093921600936,48,19,1-2,5-3,9-2,8-0,109.173,132,98.6332,28,67.1542,219,109.5,135,98.6,33,67.3,216,1.59,120,2024-03-07
Washington,P12,16-14,0.783698,59,12.62,59,71,109,82,-3.4376020671535,97,32,1-6,5-6,7-2,3-0,116.022,40,103.734,117,71.1521,31,116.3,35,103.6,109,71.2,30,8.51,51,2024-03-07
Memphis,Amer,22-8,0.721046,94,11.31,72,72,52,74,0.39764060982094,55,14,2-2,4-4,11-1,5-1,113.422,66,104.432,125,72.0843,17,114.2,67,102.9,97,72.1,18,4.14,96,2024-03-07
Maryland,B10,15-15,0.797209,55,14,52,73,124,59,-3.4541230322066,99,35,2-8,4-3,2-4,7-0,107.079,170,95.0624,10,65.5062,299,108.1,160,94.1,7,65.5,304,8.73,46,2024-03-07
UC Irvine,BW,22-8,0.747555,76,11.15,73,74,59,137,-1.6797935654329,80,13,0-3,1-2,6-1,14-2,108.798,142,98.9972,34,68.7945,117,109.4,136,98.2,28,68.9,117,-0.22,154,2024-03-07
South Florida,Amer,23-5,0.722859,92,9.86,85,75,23,92,1.0212159461603,42,13,1-0,5-3,8-0,9-2,110.845,104,101.979,80,67.9757,166,111.2,99,101.3,65,68.1,158,-0.33,160,2024-03-07
Minnesota,B10,18-11,0.775336,67,12.38,61,76,77,75,-1.1494682666708,72,20,1-7,6-3,2-1,9-0,115.221,48,103.455,111,67.0041,227,115.5,47,103.1,103,67,233,5.76,84,2024-03-07
UNLV,MWC,19-10,0.773561,68,11.05,75,77,58,32,-1.5071889819253,76,10,5-3,1-4,4-0,7-3,112.76,78,101.335,65,65.2917,310,113.1,79,102,82,65.4,309,6,82,2024-03-07
Kansas St.,B12,17-13,0.766334,69,11.48,70,78,87,33,-0.56462545966039,64,11,4-7,3-6,5-0,5-0,108.49,150,97.8444,21,67.4983,198,108.9,147,97.4,23,67.6,197,10.11,21,2024-03-07
Mississippi,SEC,20-10,0.778436,66,10.88,76,79,75,65,0.88770954004443,45,16,3-7,2-3,8-0,7-0,116.544,35,104.481,128,66.8002,240,116,40,105.1,135,67,231,7.83,67,2024-03-07
Samford,SC,26-5,0.72962,86,9.65,87,80,44,114,0.037882983486125,62,13,0-1,2-1,8-3,14-0,114.476,56,105.009,139,73.0229,9,114.8,55,105.2,138,73,11,-3.4,252,2024-03-07
VCU,A10,19-11,0.722013,93,9.06,92,81,82,98,-3.2576392711032,93,30,1-4,4-4,7-1,7-2,108.952,139,100.274,50,65.7378,290,109.5,133,100.5,56,65.8,288,2.64,109,2024-03-07
Yale,Ivy,20-8,0.752988,74,10.15,80,82,48,121,-1.506094413653,78,27,0-3,2-2,9-2,7-1,112.291,87,101.919,78,65.2987,309,112.5,85,102.3,86,65.3,312,1.76,118,2024-03-07
North Carolina St.,ACC,17-13,0.745541,80,10.38,78,83,103,69,-2.424756780014,84,23,1-7,4-5,4-1,8-0,113.17,71,103.071,100,68.1741,152,113.2,77,102.8,92,68.3,151,7.51,74,2024-03-07
Syracuse,ACC,20-11,0.749566,75,9.98,83,84,64,58,0.3839884234481,56,15,2-8,4-2,9-1,4-0,112.914,75,102.647,93,70.8501,40,112.4,86,102.4,88,70.9,39,9.54,32,2024-03-07
Massachusetts,A10,19-10,0.745269,81,9.89,84,85,80,107,-3.5930382387661,103,36,1-2,2-2,7-5,9-1,113.021,72,102.948,98,68.8412,114,113,80,103.1,102,68.8,119,0.01,149,2024-03-07
Louisiana Tech,CUSA,21-8,0.758068,73,10,82,86,68,124,-2.4144017987805,85,14,0-3,1-2,6-3,11-0,109.904,120,99.5137,41,65.4949,300,110.1,117,100.1,50,65.5,303,0.21,144,2024-03-07
North Texas,Amer,16-12,0.781123,62,10.2,79,87,111,120,-4.6862399688895,123,49,0-5,2-4,8-2,4-1,110.977,102,99.3545,37,61.1519,361,110,121,99.8,44,61.3,361,4.1,97,2024-03-07
LSU,SEC,16-13,0.759183,72,9.7,86,88,94,60,-2.0533076502007,86,33,4-7,1-5,4-1,7-1,112.634,80,101.931,79,69.7446,71,111.7,93,102,79,69.6,79,8.43,56,2024-03-07
Miami FL,ACC,15-14,0.744496,82,9.16,91,89,149,72,-3.2743471349912,111,45,2-8,5-3,2-3,6-1,112.842,76,102.821,96,69.0725,103,113.3,75,104.2,120,68.9,112,8.5,52,2024-03-07
Rutgers,B10,15-14,0.709923,98,9.27,90,90,112,62,-1.9677630433469,83,39,3-10,3-3,2-1,7-0,100.578,287,93.0474,3,67.7874,181,101.4,278,92.1,4,67.8,180,10.36,17,2024-03-07
Loyola Chicago,A10,21-8,0.725361,89,7.99,96,91,38,90,-1.0094504192889,65,26,1-4,4-2,9-1,7-1,106.422,184,97.8035,20,69.2046,97,106.5,184,98.5,31,69.3,93,1.77,117,2024-03-07
Duquesne,A10,19-11,0.718115,95,7.92,97,92,74,84,-2.6874518616701,90,29,1-3,5-5,3-3,9-0,107.371,166,98.9853,33,66.9173,232,107.7,168,99.8,42,67,232,4.26,92,2024-03-07
Cornell,Ivy,21-6,0.666403,108,6.71,101,93,63,126,-0.6766249268092,67,37,0-2,1-3,7-0,11-1,113.877,62,107.227,182,71.8878,21,114.2,65,107.5,182,71.8,25,-1.14,185,2024-03-07
Penn St.,B10,14-16,0.727983,88,9.3,89,94,126,64,-4.5438918396013,120,56,2-8,4-5,3-2,5-1,111.353,97,102.217,86,70.3951,52,112.3,87,103,101,70.4,53,9.17,41,2024-03-07
Florida St.,ACC,15-15,0.723304,91,9.39,88,95,116,78,-3.6268519955803,102,46,1-8,7-4,3-2,4-1,111.057,101,102.155,83,71.1865,30,110.9,103,101.5,72,71.4,28,9.78,27,2024-03-07
Saint Joseph's,A10,18-11,0.698477,99,6.26,105,96,110,86,-3.7878880818757,115,38,1-4,2-4,4-3,11-1,112.645,79,104.71,135,68.6284,127,111.5,94,105.2,141,68.7,129,0.13,147,2024-03-07
USC,P12,12-17,0.729343,87,8.15,94,97,142,94,-5.934348270355,139,71,1-7,4-7,4-2,3-1,111.093,100,101.918,77,68.7503,120,110.9,101,102.8,91,68.7,123,9.54,31,2024-03-07
Vermont,AE,25-6,0.684534,103,7.77,98,98,42,133,-0.9946379670498,70,13,0-2,1-0,7-3,15-1,106.989,171,100.019,47,63.7017,349,108.6,151,100.8,59,63.7,349,-2.68,225,2024-03-07
George Mason,A10,18-11,0.686734,102,6.67,102,99,104,99,-3.9081559634807,105,40,1-2,3-3,5-6,9-0,110.94,103,103.621,114,64.3932,336,110.5,110,103.9,112,64.3,338,1.51,122,2024-03-07
Boston College,ACC,15-14,0.6556,110,7.61,99,100,127,85,-4.4118724470732,107,44,1-5,4-7,4-2,7-0,113.343,67,107.173,178,67.9647,167,114.6,58,107,173,67.9,172,7,78,2024-03-07
Indiana,B10,16-13,0.714447,96,8,95,101,95,57,-0.98632307061757,69,31,3-8,4-4,3-1,6-0,112.038,88,103.45,110,68.8143,115,111.8,92,103.8,110,68.8,120,10.71,13,2024-03-07
Georgia,SEC,16-14,0.746949,78,8.88,93,102,122,93,-3.1333757634334,92,42,1-7,2-7,7-0,6-0,111.681,93,101.649,74,68.5586,130,110.7,104,101.8,75,68.5,139,8.45,54,2024-03-07
College of Charleston,CAA,24-7,0.688177,100,6.66,103,103,50,122,-1.735762856549,81,14,0-1,1-3,8-3,14-0,115.396,46,107.72,195,70.6615,47,114.5,61,107.8,190,70.6,47,-2.97,239,2024-03-07
Akron,MAC,21-9,0.622481,121,5.65,114,104,114,130,-3.6592858445017,104,14,0-3,1-3,5-2,13-1,107.762,161,103.176,101,65.3609,305,108.8,150,103.1,104,65.5,307,-2.32,217,2024-03-07
Santa Clara,WCC,19-12,0.609155,125,5.31,117,105,123,87,-3.541922899865,101,41,2-5,4-3,1-1,11-3,108.97,138,104.845,137,68.8792,112,109.9,124,104.6,127,68.9,113,1.87,113,2024-03-07
Western Carolina,SC,22-9,0.662276,109,6.01,109,106,89,123,-4.0769260533218,113,51,0-0,2-3,6-6,11-0,109.537,126,103.307,105,67.3326,209,110.1,118,104.1,116,67.5,202,-1.19,187,2024-03-07
High Point,BSth,24-7,0.630084,120,5.8,111,107,81,175,-2.8112275491946,91,14,0-0,0-1,8-4,14-2,116.08,37,110.827,255,69.0171,105,116.7,31,110.9,252,69.2,98,-4.45,286,2024-03-07
Davidson,A10,15-14,0.654117,111,6.38,104,108,163,125,-6.0780964545943,154,72,0-6,3-2,4-6,6-1,106.572,179,100.828,56,65.6147,297,107.4,172,101,62,65.7,294,3.73,99,2024-03-07
Northern Iowa,MVC,18-13,0.675951,105,6.05,107,109,85,102,-4.4821255127067,119,48,0-6,5-2,5-5,7-0,110.536,107,103.69,116,66.6857,245,110.5,111,104.4,123,66.9,240,3.98,98,2024-03-07
Charlotte,Amer,17-11,0.687075,101,5.19,118,110,98,117,-4.0512529208641,108,47,0-5,2-2,6-4,9-0,111.198,99,103.848,119,62.4527,356,110.4,112,105.2,140,62.4,358,3.11,101,2024-03-07
UC San Diego,NA,20-10,0.666445,107,6.06,106,111,NA,NA,-4.9509071129962,NA,NA,0-3,1-2,4-2,13-3,112.479,83,105.909,154,65.6309,295,112.3,88,106.2,154,65.8,290,-1.64,197,2024-03-07
Hofstra,CAA,19-12,0.647734,113,5.12,120,112,102,140,-5.2986253636177,131,57,0-2,2-4,6-4,10-2,110.28,111,104.591,131,65.8069,288,110,119,104.9,130,65.9,284,-0.82,176,2024-03-07
Southern Illinois,MVC,19-12,0.647054,114,4.89,121,113,120,113,-5.1036209524062,127,53,1-3,0-5,7-3,10-1,110.008,118,104.36,124,64.5532,333,110,120,105.1,136,64.9,329,0.48,138,2024-03-07
UNC Wilmington,CAA,21-9,0.636937,119,5.65,113,114,101,101,-3.3878125509774,94,43,1-0,1-3,5-4,11-2,114.807,53,109.33,225,65.2897,312,114.7,56,109.1,215,65.5,302,-0.87,178,2024-03-07
UCLA,P12,14-15,0.712507,97,7.42,100,115,129,96,-4.5611744436996,121,65,0-8,7-3,2-3,4-1,108.367,153,100.143,49,63.695,350,107.6,171,100.1,49,63.7,350,8.38,60,2024-03-07
Morehead St.,OVC,23-8,0.583476,134,4.62,123,116,113,159,-3.4002279568685,95,15,0-2,0-2,2-2,17-2,108.42,152,105.289,144,64.496,334,109.6,129,105,132,64.5,334,-6.43,323,2024-03-07
Belmont,MVC,19-12,0.65261,112,5.18,119,117,90,119,-4.0779642108277,112,54,0-5,2-2,7-5,9-0,111.369,96,105.428,148,71.0123,33,111.2,98,106,151,71.1,34,2.74,107,2024-03-07
California,P12,13-17,0.646196,116,5.88,110,118,131,97,-6.1468834482098,145,74,1-8,5-3,6-4,1-2,110.12,114,104.5,129,68.5206,132,110.9,102,105,134,68.7,128,8.42,58,2024-03-07
Stanford,P12,12-17,0.671555,106,5.78,112,119,175,79,-6.8213111380137,153,78,1-6,4-4,3-7,4-0,111.742,92,105.004,138,69.735,72,111.3,96,105.6,144,69.8,71,7.74,71,2024-03-07
Arkansas,SEC,14-15,0.640946,118,5.35,115,120,132,73,-4.1975728027813,109,58,2-8,1-5,7-1,5-1,110.084,115,104.674,134,70.8742,39,110.5,108,105.2,139,71,35,9.03,42,2024-03-07
Oklahoma St.,B12,12-18,0.678178,104,6.05,108,121,169,76,-6.5475203242616,150,79,2-9,0-7,3-1,7-1,110.402,108,103.473,112,67.2784,212,110.2,116,104.2,121,67.3,212,8.6,50,2024-03-07
Drexel,CAA,20-11,0.61264,124,4.62,122,122,97,106,-5.2551998084784,130,52,1-1,0-3,4-5,14-2,108.728,145,104.479,127,64.8332,328,108.8,149,104.2,119,64.9,327,-2.42,219,2024-03-07
Seattle,WAC,18-11,0.584631,132,4.03,129,123,130,157,-6.0407961992223,142,60,0-2,1-2,4-5,12-2,104.565,223,101.503,69,67.2303,213,105.5,207,101.4,67,67.2,218,-2.14,212,2024-03-07
Georgia Tech,ACC,14-16,0.620201,123,4.44,125,124,128,27,-4.3177530709416,117,55,4-5,4-7,3-4,3-0,109.135,133,104.579,130,67.5547,197,109.1,142,104.6,128,67.7,190,10.26,18,2024-03-07
Arizona St.,P12,14-15,0.621126,122,5.34,116,125,140,83,-4.0919561239272,110,61,1-8,7-2,3-4,3-1,104.962,215,100.546,53,69.4194,86,105.3,213,99.9,45,69.6,80,9.59,30,2024-03-07
Youngstown St.,Horz,22-9,0.605946,127,4.06,128,126,106,162,-4.6608630143162,122,63,0-1,0-1,6-6,12-1,109.253,131,105.241,142,69.2053,96,109.5,134,105.4,143,69.3,95,-4.58,290,2024-03-07
UAB,Amer,18-11,0.582878,135,2.99,134,127,100,105,-3.4324903771918,98,50,0-4,6-3,6-2,5-2,111.78,90,108.574,210,68.0405,159,112,89,109.1,214,68.1,159,4.19,95,2024-03-07
UNC Greensboro,SC,21-10,0.589381,129,2.47,138,128,107,144,-4.3683903563033,118,59,0-1,2-2,7-5,10-2,110.751,105,107.325,186,64.9987,320,110.3,115,107.8,191,65.1,320,-1.19,188,2024-03-07
Michigan,B10,8-22,0.642648,117,4.6,124,129,221,66,-7.9786377738542,178,114,3-13,1-5,3-3,1-1,111.95,89,106.381,162,67.8205,177,112,90,107.4,179,68,168,13.71,1,2024-03-07
Notre Dame,ACC,12-18,0.584023,133,4.19,127,130,154,103,-6.9309611284798,158,90,1-8,4-3,3-5,4-2,101.615,274,98.6603,30,64.3974,335,102.2,265,98,26,64.4,336,8.31,62,2024-03-07
Colgate,Pat,22-9,0.517247,158,2.17,143,131,108,161,-3.755997711392,106,15,0-2,1-3,2-1,18-3,103.993,232,103.371,108,66.5513,254,105.5,208,103.3,105,66.6,253,-6.41,322,2024-03-07
Eastern Washington,BSky,21-10,0.53405,150,2.46,139,132,84,139,-3.5175308414713,100,15,0-4,0-3,4-2,15-1,112.926,73,111.594,272,70.7702,42,113.6,72,111.1,255,70.9,40,-1.35,191,2024-03-07
Toledo,MAC,19-11,0.558942,140,2.92,135,133,118,170,-5.1358698785632,128,62,0-3,0-2,9-4,10-2,113.695,63,111.377,268,69.5838,76,114.2,66,111.3,261,69.7,76,-1.67,202,2024-03-07
Tarleton St.,NA,22-7,0.542641,149,3.46,131,134,NA,NA,-1.171581039264,NA,NA,0-4,2-0,6-1,11-2,108.989,137,107.38,187,66.4798,259,109.9,123,106.4,157,66.8,245,0.4,139,2024-03-07
Liberty,CUSA,17-13,0.547394,146,3.49,130,135,186,212,-7.157604816712,166,89,0-2,1-2,6-4,7-5,109.726,124,107.927,199,64.7544,330,110.4,114,106.9,165,65,321,-0.31,159,2024-03-07
Troy,SB,20-11,0.647017,115,4.28,126,136,125,174,-6.0288654172982,141,67,0-1,1-1,3-7,13-2,108.588,148,103.015,99,69.8684,66,108.1,158,103.8,111,70,64,-2.24,215,2024-03-07
Oakland,Horz,20-11,0.575722,137,2.42,140,137,96,109,-4.093147706147,114,15,1-5,1-0,5-6,13-0,109.846,121,106.969,173,66.991,229,109.7,126,107.3,176,66.9,243,-1.38,192,2024-03-07
Louisiana Lafayette,SB,18-13,0.597703,128,2.79,136,138,153,194,-7.239695359563,169,83,0-2,0-4,6-4,10-3,107.534,165,103.895,120,68.7274,122,107.7,166,104.9,129,69,109,-0.66,170,2024-03-07
UMass Lowell,AE,20-9,0.514689,160,1.61,150,139,134,172,-4.9843669188706,126,69,0-0,1-3,2-3,14-3,107.741,163,107.191,179,69.9397,64,107.9,164,106.3,156,70.3,56,-4.65,291,2024-03-07
Montana,BSky,21-10,0.525645,155,1.35,152,140,121,191,-4.8706561495228,124,82,0-3,0-1,3-3,15-3,112.564,81,111.564,271,66.1901,269,112.9,82,111.5,268,66.3,267,-3.68,265,2024-03-07
Tulane,Amer,13-16,0.531911,151,2.63,137,141,218,138,-8.6433257013351,199,97,0-5,1-5,4-5,7-1,110.065,116,108.849,215,73.0853,8,111.2,97,108.6,206,73.1,8,2.9,103,2024-03-07
Chattanooga,SC,20-11,0.528216,153,1.81,147,142,133,148,-5.7422115573423,135,68,0-1,2-2,5-6,11-2,111.596,94,110.505,249,66.8746,235,111.4,95,109.5,227,67.1,228,-2.64,224,2024-03-07
West Virginia,B12,9-20,0.607509,126,3.14,133,143,213,91,-7.9508265208082,198,118,2-10,2-8,3-1,2-2,108.665,147,104.615,132,68.6159,128,108.1,156,105,131,68.8,121,11.25,9,2024-03-07
Weber St.,BSky,20-11,0.514977,159,1.9,146,144,136,112,-5.9281077296253,138,64,1-1,2-0,4-6,10-4,108.568,149,108.004,201,65.4632,301,109.3,138,107.4,177,65.7,293,-2.82,232,2024-03-07
Wright St.,Horz,18-13,0.555719,142,1.17,154,145,144,169,-7.9770586644873,179,86,0-1,0-3,6-8,10-1,117.021,31,114.766,338,71.678,25,116.6,32,115.5,343,71.8,24,-2.83,233,2024-03-07
UT Arlington,WAC,17-13,0.585317,131,3.44,132,146,119,136,-5.9425773632319,140,76,0-5,1-3,2-4,12-1,107.137,169,103.974,121,70.9114,35,107.6,170,104.2,118,71.1,31,0.88,133,2024-03-07
Furman,SC,16-15,0.526983,154,2.03,145,147,158,163,-9.5051962135961,216,101,0-1,0-5,5-7,9-1,109.964,119,108.935,216,69.3868,88,110.6,105,108.6,207,69.4,88,-0.38,163,2024-03-07
Western Kentucky,CUSA,19-10,0.551628,144,1.61,151,148,147,219,-5.6569483589099,134,80,0-0,1-0,5-5,10-5,106.369,186,104.469,126,75.2486,1,105.6,205,104,115,75.4,1,-2.7,228,2024-03-07
Ohio,MAC,18-12,0.525396,156,0.91,159,149,143,200,-8.1625026188635,186,84,0-0,0-2,3-7,14-3,110.32,110,109.349,226,67.3504,207,110.6,107,109.6,230,67.5,203,-5.11,297,2024-03-07
UNC Asheville,BSth,20-11,0.545259,148,1.3,153,150,117,155,-5.6106661568939,133,70,0-1,1-4,5-4,11-2,109.565,125,107.849,197,68.5426,131,109.7,127,108.4,202,68.5,137,-1.1,184,2024-03-07
Wichita St.,Amer,13-17,0.576481,136,1.16,155,151,196,145,-9.8194076800111,226,109,0-4,3-3,2-8,7-2,105.134,211,102.352,89,69.0796,102,104.6,226,103.4,107,69,105,2.89,104,2024-03-07
Fort Wayne,Horz,21-11,0.489444,166,1.02,157,152,156,203,-6.8919523479507,157,85,0-2,0-1,5-4,14-4,105.294,208,105.681,151,70.893,37,106.3,189,105.3,142,71,37,-7.35,341,2024-03-07
St. Thomas,NA,19-12,0.564897,139,2.15,144,153,NA,NA,-8.036450242995,NA,NA,0-1,0-1,2-4,14-6,109.119,134,106.67,167,63.4309,351,109.2,140,107,174,63.6,351,-5.51,306,2024-03-07
South Dakota St.,Sum,19-12,0.546875,147,1.61,148,154,137,235,-7.4493906168354,171,16,0-0,0-3,6-4,10-5,109.449,128,107.674,193,68.5133,133,109.6,130,108,195,68.6,136,-2.88,236,2024-03-07
Missouri St.,MVC,16-15,0.511719,161,0.37,161,155,165,100,-7.2072083983348,168,77,1-4,2-3,3-6,10-2,106.099,193,105.667,150,68.2468,148,106,198,105.6,146,68.3,146,1.6,119,2024-03-07
Towson,CAA,18-13,0.555815,141,0.88,160,156,146,178,-6.5153890196069,149,73,0-3,1-3,4-4,12-3,104.759,218,102.737,94,62.3471,358,104.9,221,104,114,62.5,356,-1.88,204,2024-03-07
Arkansas St.,SB,16-15,0.555449,143,2.36,141,157,141,198,-8.282849363387,190,95,0-4,0-2,6-6,10-3,113.586,64,111.408,269,68.7559,119,113.5,73,111.1,256,68.7,124,-0.8,175,2024-03-07
Missouri,SEC,8-22,0.566049,138,1.61,149,158,271,110,-10.034290851435,232,147,1-10,1-7,1-4,5-1,109.746,123,107.239,183,66.9862,230,109.6,131,108,194,67.1,229,9.42,36,2024-03-07
Murray St.,MVC,12-19,0.585457,130,2.31,142,159,200,158,-11.12540024847,260,138,0-5,2-4,4-8,5-2,110.242,112,106.982,174,64.8705,326,109.9,122,107.6,186,64.9,326,2.87,106,2024-03-07
Oregon St.,P12,12-17,0.521257,157,0.99,158,160,197,80,-6.7933975975083,152,96,1-8,2-7,3-2,5-0,106.529,182,105.743,152,65.321,307,107,179,106,149,65.4,308,8.45,55,2024-03-07
Sam Houston St.,CUSA,18-11,0.550215,145,1.12,156,161,115,183,-5.1689507564402,129,75,0-2,0-4,6-2,10-3,106.137,192,104.293,123,68.0221,163,106.1,192,105,133,67.8,184,-0.39,165,2024-03-07
Lipscomb,ASun,20-12,0.390158,219,-0.22,163,162,164,209,-6.9479484137271,159,88,0-2,1-2,4-3,13-5,111.336,98,115.745,347,69.427,84,112.9,81,113.1,309,69.4,87,-4.13,274,2024-03-07
Fairfield,MAAC,18-11,0.454469,179,-0.72,166,163,145,236,-7.1055334528214,164,91,0-0,1-2,3-3,13-6,108.794,143,110.535,250,68.6311,126,108.9,146,109.6,229,68.6,132,-6.12,320,2024-03-07
Delaware,CAA,18-13,0.492231,165,-1.02,170,164,168,149,-7.9965428064697,180,81,1-0,0-4,1-6,15-3,106.18,189,106.467,163,67.6029,195,105.9,200,106.9,166,67.7,189,-3.6,260,2024-03-07
Wyoming,MWC,14-16,0.482358,169,-1.11,171,165,170,134,-6.4245369737856,147,107,0-9,2-2,3-3,7-2,109.039,136,109.71,235,67.2134,215,108.9,145,110,237,67.3,215,6.84,79,2024-03-07
Bryant,AE,19-12,0.473101,172,-1.82,178,166,138,108,-6.0348530119973,143,66,1-2,0-3,3-5,13-2,101.182,279,102.134,82,74.6166,3,101.2,282,103,100,74.7,3,-2.02,207,2024-03-07
Hawaii,BW,17-13,0.466337,174,-0.56,164,167,159,177,-8.1771850287952,185,98,0-2,0-4,2-5,13-2,106.156,190,107.408,188,66.2046,267,106.2,190,106.8,163,66.4,262,-2.69,227,2024-03-07
Long Beach St.,BW,18-12,0.425647,195,-0.56,165,168,152,186,-6.3203040558716,146,87,0-2,2-2,6-4,8-4,106.142,191,108.944,217,72.0495,18,107.6,169,108.2,198,71.8,23,-0.9,179,2024-03-07
Utah Valley,WAC,14-15,0.453158,180,-0.75,169,169,192,187,-9.0474193783077,211,130,0-3,0-4,4-6,8-2,99.7175,302,101.36,68,68.129,154,100.7,289,101.5,71,68.1,155,0.96,132,2024-03-07
Quinnipiac,MAAC,21-8,0.494593,164,-2.33,189,170,135,192,-4.2310136772224,116,16,0-1,0-1,3-3,17-3,106.276,187,106.476,164,71.6414,27,105.3,211,107.7,188,71.8,22,-7.62,345,2024-03-07
Stephen F. Austin,WAC,15-14,0.441196,184,-0.73,167,171,199,168,-8.7302129922922,202,113,1-2,0-3,5-5,7-4,101.18,280,103.281,104,69.6152,75,102.2,264,103,98,69.5,83,-0.31,158,2024-03-07
Winthrop,BSth,17-14,0.530485,152,-0.12,162,172,194,182,-8.1300310460896,184,106,0-3,0-3,2-6,12-2,108.062,156,106.921,171,67.2928,211,108.2,155,108.3,200,67.4,206,-2.2,213,2024-03-07
Wofford,SC,17-14,0.396384,215,-1.6,175,173,160,165,-7.665395623324,173,103,0-2,0-4,6-7,8-1,108.217,155,112.247,289,65.7549,289,109.2,141,110.8,251,65.8,287,0.83,134,2024-03-07
Texas A&M Corpus Chris,Slnd,20-10,0.495893,162,-0.74,168,174,139,196,-5.3081394597267,132,92,0-4,0-1,2-1,14-4,103.037,249,103.184,102,68.666,123,102.9,251,103.6,108,68.8,122,-7.15,336,2024-03-07
Kent St.,MAC,15-15,0.454849,178,-1.74,177,175,223,220,-9.9956643172881,231,133,0-2,0-2,3-7,10-4,106.862,175,108.558,208,67.205,216,107.1,177,108.8,212,67.2,221,-3.24,247,2024-03-07
Illinois St.,MVC,15-16,0.435285,189,-1.36,172,176,183,127,-8.7978306647002,206,105,1-3,0-4,8-5,5-4,103.742,237,106.117,155,64.1168,340,103.8,237,105.1,137,64.2,342,0.97,130,2024-03-07
Longwood,BSth,18-13,0.424629,198,-1.54,174,177,207,261,-8.678330997827,201,115,0-2,0-1,3-4,12-6,104.614,220,107.414,189,67.4615,200,105.3,212,106.8,164,67.5,198,-5.12,298,2024-03-07
UC Davis,BW,17-12,0.46505,175,-2.31,187,178,166,214,-7.7667839403204,175,108,0-2,1-0,3-5,11-5,102.186,261,103.438,109,67.8185,178,101.8,268,104.2,117,67.9,176,-3.63,262,2024-03-07
Northern Colorado,BSky,19-12,0.429754,192,-2.29,185,179,150,232,-7.7055100771011,174,120,0-1,0-2,3-4,14-5,110.18,113,112.924,304,69.9888,60,110.4,113,112.7,296,70.1,59,-4.46,287,2024-03-07
Fordham,A10,12-17,0.444047,182,-3.14,199,180,210,156,-10.136097582374,235,132,1-2,1-5,5-6,5-4,103.306,243,105.345,146,69.4423,82,102.9,249,106.1,152,69.4,89,0.58,136,2024-03-07
Gardner Webb,BSth,16-15,0.460586,176,-2.72,193,181,155,222,-8.7704801943586,204,128,0-1,0-6,7-3,6-5,105.071,212,106.524,165,69.7478,70,104.2,229,106.9,172,69.8,73,0.99,129,2024-03-07
Illinois Chicago,MVC,11-20,0.456806,177,-2.3,186,182,265,202,-12.573310808687,286,174,0-4,1-5,3-7,6-4,102.273,258,103.825,118,68.4475,137,102,267,104.3,122,68.6,130,1.83,115,2024-03-07
Northern Kentucky,Horz,17-14,0.426775,193,-2.31,188,183,173,179,-8.4941508832956,195,112,0-3,0-1,4-9,11-1,103.192,247,105.873,153,68.1663,153,103.9,236,106.2,153,68.3,145,-2.88,237,2024-03-07
Saint Peter's,MAAC,16-11,0.422685,201,-2.08,183,184,161,207,-7.0160814111379,163,99,0-1,0-2,2-4,13-4,99.1158,312,101.84,76,64.559,332,99.9,303,102,77,64.6,333,-5.58,310,2024-03-07
Cal Baptist,WAC,15-14,0.423308,200,-1.51,173,185,234,257,-9.8269661893185,227,144,0-2,0-2,4-4,9-6,104.382,226,107.226,180,64.0142,343,105,218,106.5,159,64.1,344,-3.64,264,2024-03-07
East Carolina,Amer,14-15,0.494864,163,-2.07,182,186,193,185,-8.6727424129653,200,125,0-2,0-8,5-2,8-3,104.953,216,105.141,140,64.9099,324,104.8,222,106.9,168,65,324,-0.13,151,2024-03-07
Loyola Marymount,WCC,12-18,0.473977,171,-1.6,176,187,254,190,-10.684746623153,245,156,0-6,1-3,0-6,10-3,109.322,130,110.317,246,65.2266,314,109,144,110.6,247,65.2,316,-0.1,150,2024-03-07
Little Rock,OVC,20-11,0.475451,170,-2.57,192,188,148,287,-8.5135829242619,197,122,0-0,0-0,3-3,17-8,107.75,162,108.674,212,69.2367,93,107.9,163,110.5,244,69.1,100,-9.75,358,2024-03-07
Marist,MAAC,16-11,0.41208,206,-3.76,212,189,191,269,-8.0506833585553,182,116,0-0,0-1,2-3,14-7,98.2341,324,101.317,64,64.9561,321,98.1,324,101.9,76,65.1,319,-7.8,346,2024-03-07
Iona,MAAC,14-15,0.42575,194,-2.96,196,190,217,254,-10.366273426837,241,141,0-1,0-2,4-7,10-5,105.511,205,108.292,203,67.8751,172,105.5,206,108.5,204,68.1,161,-4.16,275,2024-03-07
Monmouth,CAA,17-14,0.431247,191,-2.92,194,191,167,173,-7.383684756207,170,93,0-2,0-6,5-4,12-2,105.84,197,108.418,206,68.2999,145,105.8,201,108.7,210,68.5,140,-2.09,211,2024-03-07
UC Santa Barbara,BW,15-13,0.37633,230,-2.07,181,192,219,226,-8.5065457837622,196,137,0-2,0-2,4-4,9-5,106.841,176,111.639,274,67.6029,196,108.1,157,110.2,242,67.7,192,-2.86,234,2024-03-07
UTEP,CUSA,15-15,0.483149,167,-1.83,179,193,211,230,-9.8946199051227,230,145,0-1,1-2,3-7,8-5,99.4814,306,100.066,48,69.8665,67,99.4,308,101.2,64,70,63,-0.95,181,2024-03-07
Stony Brook,CAA,17-14,0.482997,168,-2.28,184,194,162,180,-7.4732480569986,172,104,0-3,0-4,1-5,15-2,107.296,168,107.933,200,67.9099,170,106.6,182,108.9,213,68,162,-2.79,231,2024-03-07
La Salle,A10,15-15,0.472668,173,-3.07,198,195,182,160,-8.0557377142724,183,111,0-3,1-5,5-5,8-2,107.323,167,108.35,205,67.4104,201,106.9,180,109.9,236,67.4,207,0.13,148,2024-03-07
Merrimack,NEC,19-11,0.419207,202,-2.95,195,196,157,199,-6.470027626684,148,100,0-3,0-2,2-2,16-4,98.4141,319,101.244,63,67.6994,187,99,313,102,78,67.9,179,-8.04,349,2024-03-07
Tulsa,Amer,15-14,0.402164,209,-2.44,191,197,201,189,-8.2510644582476,187,119,0-3,0-2,6-7,8-2,102.771,252,106.376,161,70.4938,50,103.5,243,105.9,148,70.6,48,-1.66,201,2024-03-07
Jacksonville St.,CUSA,14-16,0.413327,205,-1.95,180,198,249,286,-11.061034756353,259,165,0-1,2-1,2-5,7-9,102.278,257,105.441,149,64.9549,322,102.5,257,104.5,124,65.2,314,-2.37,218,2024-03-07
East Tennessee St.,SC,16-15,0.425278,196,-2.35,190,199,176,176,-8.8981933701432,207,129,0-3,0-3,5-8,9-1,103.528,239,106.275,159,66.6848,246,104.1,232,106.5,158,66.7,250,-0.2,153,2024-03-07
Penn,Ivy,11-17,0.43964,185,-3.29,203,200,255,152,-10.102652520802,234,153,1-4,0-3,1-7,7-3,109.115,135,111.442,270,65.6032,298,109.3,137,112.6,293,65.6,299,0.51,137,2024-03-07
Tennessee Martin,OVC,21-10,0.361505,236,-4.26,220,201,151,188,-5.8726570030325,137,102,0-2,0-2,2-3,15-3,106.56,180,111.963,280,72.8061,12,107.3,173,111.6,272,73,12,-7.04,335,2024-03-07
Harvard,Ivy,14-13,0.397131,213,-4.83,228,202,203,153,-7.1965530635267,167,110,0-1,2-6,3-3,8-3,102.88,251,106.682,168,67.7529,184,102.9,250,107.7,189,67.8,186,-0.8,174,2024-03-07
Georgetown,BE,9-21,0.450193,181,-2.98,197,203,274,128,-9.5472997233359,219,164,0-12,1-7,0-1,8-1,110.725,106,112.667,297,67.0327,224,111,100,114,323,67.1,224,8.4,59,2024-03-07
Evansville,MVC,15-16,0.377958,228,-3.74,209,204,225,132,-8.2719711441536,189,121,0-6,1-3,2-7,11-0,103.091,248,107.656,192,69.0535,104,104.3,228,108,196,69,106,1.41,123,2024-03-07
Brown,Ivy,11-17,0.411516,207,-4.84,229,205,206,227,-11.514419044134,269,167,0-2,1-3,4-7,5-5,104.702,219,108.009,202,67.1404,220,103.7,240,108.5,205,67.1,227,-0.73,173,2024-03-07
Cleveland St.,Horz,19-13,0.387932,221,-3.7,208,206,189,151,-7.8430936756931,177,94,1-1,0-2,5-7,12-3,107.956,157,112.322,290,67.4913,199,108.2,153,111.9,279,67.4,205,-5.23,300,2024-03-07
George Washington,A10,14-15,0.379442,226,-5.02,234,207,227,167,-8.5184500131912,188,124,0-3,2-4,5-5,7-3,106.98,172,111.656,275,70.7424,45,107.2,175,112.2,284,70.5,50,-0.85,177,2024-03-07
Stetson,ASun,20-12,0.37918,227,-3.74,211,208,171,216,-6.5759648090585,151,16,1-2,0-2,1-0,15-8,108.726,146,113.489,318,65.9524,275,109.8,125,113.5,317,66.2,269,-3.2,245,2024-03-07
Georgia St.,SB,14-16,0.384058,222,-3.34,206,209,236,253,-10.264162352033,239,159,0-3,0-4,3-3,9-6,105.729,199,110.163,245,68.1804,150,106.6,183,109.9,233,68.3,147,-1.04,183,2024-03-07
Rhode Island,A10,11-18,0.424611,199,-3.8,214,210,263,197,-10.222272683688,254,168,0-4,1-6,4-5,5-4,110.05,117,112.996,307,68.9277,110,109.5,132,113.3,313,69,107,3.21,100,2024-03-07
Fresno St.,MWC,11-18,0.381422,223,-3.29,204,211,238,164,-9.5390575501329,218,169,0-8,0-5,0-3,10-2,105.192,210,109.709,234,65.6996,292,106.1,195,109.4,222,65.8,292,4.49,91,2024-03-07
Lamar,Slnd,17-13,0.369108,233,-3.3,205,212,208,248,-9.0231360989036,210,143,0-2,0-2,0-3,15-6,104.245,228,109.219,224,69.255,92,105.4,209,108.7,209,69.3,94,-7.49,343,2024-03-07
Columbia,Ivy,13-13,0.438545,186,-4.53,223,213,235,206,-8.7502935494196,203,150,0-2,0-3,2-4,8-4,108.464,151,110.819,254,68.8034,116,107.7,165,112.3,287,68.9,116,-3.44,253,2024-03-07
Temple,Amer,11-18,0.42509,197,-3.19,201,214,252,213,-11.030452985357,255,175,0-4,1-5,3-4,6-5,103.765,236,106.525,166,66.8934,233,103.7,239,106.9,169,66.7,246,1.38,124,2024-03-07
Louisville,ACC,8-22,0.399847,211,-3.17,200,215,277,142,-11.0798640824,258,180,0-10,1-5,2-6,5-1,105.619,203,109.415,229,69.6994,73,106.1,193,109.3,220,70,62,8.04,64,2024-03-07
Green Bay,Horz,18-13,0.34127,246,-4.51,222,216,181,225,-7.7732925750437,176,126,0-2,1-0,7-6,8-5,103.93,233,110.047,244,63.4132,352,104.9,220,109.4,221,63.5,352,-3.26,248,2024-03-07
Eastern Kentucky,ASun,17-14,0.437259,188,-3.74,210,217,204,243,-9.0052484117602,208,142,0-2,0-1,1-6,13-5,108.785,144,111.198,263,68.7475,121,108.1,159,111.8,276,69.1,103,-4.1,272,2024-03-07
Saint Louis,A10,11-19,0.434184,190,-4.17,218,218,226,154,-10.459090962648,243,162,0-3,0-10,6-5,4-1,112.399,85,115.017,341,69.6991,74,112,91,116.1,348,69.7,75,4.87,89,2024-03-07
Maine,AE,15-16,0.359887,238,-4.1,217,219,220,241,-10.72510635307,248,149,1-1,0-3,1-4,12-8,97.4021,333,102.404,91,65.884,282,98.2,320,102.3,85,66,280,-3.28,249,2024-03-07
Austin Peay,ASun,18-14,0.341232,247,-4.98,231,220,185,210,-9.236393820589,212,131,0-2,1-1,2-7,12-4,108.848,140,115.256,344,64.2613,338,109,143,114,324,64.3,337,-2.92,238,2024-03-07
Vanderbilt,SEC,8-21,0.393693,218,-3.36,207,221,262,129,-9.8441443784203,229,176,0-11,2-4,2-5,4-1,104.599,221,108.602,211,65.6789,294,105.4,210,108.7,211,65.6,297,9.22,39,2024-03-07
Mercer,SC,15-16,0.398812,212,-4.01,215,222,190,217,-10.487579003911,244,158,0-1,1-4,4-5,8-5,104.991,214,108.805,214,66.3282,262,105.1,217,109.1,217,66.5,259,-1.3,190,2024-03-07
Rider,MAAC,14-16,0.396673,214,-4.79,226,223,178,240,-9.8160350856994,228,160,0-3,0-2,3-6,10-5,105.87,196,109.802,238,67.8091,179,105.1,216,109.9,235,68,169,-2.53,222,2024-03-07
Cal St. Fullerton,BW,14-16,0.369282,232,-4.72,225,224,233,250,-9.7004319446023,224,170,0-5,0-2,3-3,9-6,100.582,286,105.375,147,66.229,264,100.9,287,105.6,145,66.3,264,-0.34,161,2024-03-07
Miami OH,MAC,15-15,0.350228,242,-5.9,247,225,222,265,-10.263112014819,240,161,0-2,0-2,4-5,9-6,101.66,272,107.273,185,67.2268,214,101.7,271,107.6,187,67.3,214,-3.63,263,2024-03-07
Cal St. Northridge,BW,18-13,0.336854,250,-5.48,239,226,216,228,-8.3773180618635,192,135,0-1,1-3,3-3,12-6,100.954,284,107.079,175,72.9402,11,101.5,276,106.9,171,72.9,13,-3.96,271,2024-03-07
Texas St.,SB,15-17,0.380302,224,-3.21,202,227,202,229,-9.6346665222105,221,154,0-4,1-1,5-7,7-5,99.8765,298,104.208,122,66.6089,250,100.7,290,104,113,66.7,251,0.97,131,2024-03-07
Mount St. Mary's,MAAC,13-17,0.416399,203,-4.91,230,228,232,302,-12.500785028275,285,187,0-1,0-2,1-6,12-8,103.874,235,106.968,172,68.8564,113,103.2,248,108.1,197,69,108,-6.67,329,2024-03-07
Southern Miss,SB,16-15,0.340633,248,-5.01,233,229,229,233,-9.6727138834614,222,151,0-1,2-2,5-6,7-6,101.747,269,107.762,196,67.9611,168,102.6,256,107.6,185,68.2,152,-1.21,189,2024-03-07
UMKC,Sum,16-15,0.438484,187,-3.79,213,230,179,266,-9.7421718641709,225,171,0-3,0-0,2-6,11-6,103.01,250,105.249,143,66.7752,243,102.8,254,106.5,161,67,234,-3.84,269,2024-03-07
Abilene Christian,WAC,14-15,0.395291,216,-4.22,219,231,177,193,-9.4569108286367,215,148,0-1,2-4,3-6,8-4,102.377,256,106.232,157,69.0908,101,102.7,255,106.9,167,69.1,101,-0.55,166,2024-03-07
Milwaukee,Horz,18-14,0.32631,256,-5.86,246,232,188,224,-9.0293292059827,209,139,0-2,0-1,6-7,10-4,106.948,173,113.907,327,69.5284,78,107.9,162,113.8,322,69.8,72,-4.25,280,2024-03-07
Norfolk St.,MEAC,20-10,0.312256,263,-6.35,253,233,180,195,-5.7960916544772,136,16,0-1,1-1,2-4,13-4,102.162,262,109.423,230,66.7978,241,103.3,246,109.7,232,66.9,239,-6.74,331,2024-03-07
Central Connecticut,NEC,19-10,0.316787,262,-6.53,255,234,174,208,-6.8351483265035,156,123,0-0,0-2,2-4,15-4,101.659,273,108.686,213,67.0811,223,101.7,272,108.2,199,67.3,213,-9.93,360,2024-03-07
Bowling Green,MAC,18-12,0.360918,237,-5.54,240,235,209,256,-8.3458004186402,191,136,0-0,0-2,5-4,11-6,103.256,244,108.516,207,67.9947,165,102.9,252,108.4,203,68,163,-5.79,316,2024-03-07
Radford,BSth,15-16,0.414025,204,-4.7,224,236,247,277,-10.037448247038,233,166,0-3,0-2,4-4,9-7,109.464,127,112.821,301,63.7969,347,108.8,148,113.5,316,63.8,348,-2.06,209,2024-03-07
Rice,Amer,11-18,0.444005,183,-4.43,221,237,243,146,-10.578535065896,262,177,1-5,1-5,1-5,7-4,107.867,159,109.997,241,66.0949,272,107,178,111.4,265,66.1,272,1.93,112,2024-03-07
Montana St.,BSky,14-17,0.400221,210,-5.46,238,238,239,270,-12.659922087243,292,194,0-1,1-2,2-6,9-7,103.52,240,107.226,181,68.5071,134,102.5,260,108,192,68.9,118,-3.5,257,2024-03-07
North Dakota,Sum,18-13,0.388477,220,-5.16,235,239,195,275,-8.7737175145971,205,155,0-2,0-0,2-4,13-7,106.481,183,110.766,253,66.8499,237,106,197,111.2,258,66.9,241,-5.72,314,2024-03-07
Southern,SWAC,17-12,0.373473,231,-6.17,251,240,215,141,-6.0934503435897,144,117,1-4,1-0,0-1,12-7,98.7141,316,103.256,103,68.646,124,98.3,319,104.5,126,68.6,134,-5.6,312,2024-03-07
San Jose St.,MWC,9-21,0.377524,229,-5.66,243,241,294,218,-12.357863239159,281,211,0-9,1-2,1-5,6-5,105.983,194,110.693,252,66.1964,268,106.4,185,112.1,281,66.3,266,4.21,94,2024-03-07
New Hampshire,AE,15-14,0.274786,283,-6.82,259,242,241,259,-8.3875369661049,193,152,0-2,0-2,4-4,10-6,99.543,305,108.308,204,71.6445,26,100.6,291,107.4,178,71.7,26,-2.97,240,2024-03-07
South Alabama,SB,16-15,0.394848,217,-4.07,216,243,205,201,-9.6923516879037,223,157,0-3,0-1,3-7,11-3,105.535,204,109.527,231,68.0368,160,106.1,196,110.1,240,68.3,148,-2.59,223,2024-03-07
Northeastern,CAA,12-19,0.406637,208,-6,248,244,245,239,-12.7842204218,296,189,0-3,0-2,4-10,8-4,106.892,174,110.462,248,65.865,285,106.2,191,112.2,285,66,278,-1.75,203,2024-03-07
Pepperdine,WCC,12-19,0.380152,225,-5.56,241,245,273,205,-11.056225762452,257,195,0-8,0-3,2-4,8-4,108.284,154,112.987,306,67.7919,180,108,161,113.6,320,67.8,187,1.37,125,2024-03-07
Portland St.,BSky,17-14,0.336139,251,-5.75,244,246,228,247,-9.6118239874141,220,163,0-1,0-1,5-7,9-5,100.145,295,106.25,158,69.2245,94,100.5,293,106.2,155,69.3,92,-3.49,256,2024-03-07
UC Riverside,BW,13-17,0.369001,234,-4.79,227,247,230,245,-10.725357483671,246,186,0-4,1-2,2-5,8-6,104.121,229,109.094,220,66.7968,242,104.7,223,109.5,224,66.9,238,-0.22,155,2024-03-07
Florida Gulf Coast,ASun,14-18,0.350523,241,-5.44,237,248,266,301,-12.897698093323,302,201,0-2,1-2,0-5,10-9,104.087,231,109.822,239,64.1088,341,104.2,230,109.7,231,64.2,343,-2.69,226,2024-03-07
North Florida,ASun,16-16,0.364837,235,-5.22,236,249,251,262,-11.007454506659,256,178,0-1,0-4,0-5,13-6,107.903,158,113.233,314,67.3615,204,108.2,154,113.4,314,67.5,201,-3.6,261,2024-03-07
Western Illinois,OVC,20-11,0.342917,245,-6.61,256,250,184,238,-6.838193155818,155,140,0-3,0-1,2-1,14-6,100.359,291,106.198,156,64.6194,331,100.1,299,106.7,162,64.7,331,-7.51,344,2024-03-07
Marshall,SB,12-19,0.343557,244,-5.78,245,251,288,280,-12.933175595087,303,203,0-4,0-3,4-5,7-7,101.615,275,107.501,190,70.899,36,101.8,270,107.5,183,70.8,42,-0.68,172,2024-03-07
Cal St. Bakersfield,BW,13-17,0.349187,243,-5,232,252,242,246,-11.61452145483,270,193,0-2,0-4,2-6,9-5,101.452,277,107.096,176,64.7616,329,102.2,263,107.2,175,64.9,328,-1.5,196,2024-03-07
North Alabama,ASun,15-16,0.301462,269,-6.07,250,253,237,264,-10.868747010348,252,179,0-2,0-3,1-5,12-6,105.642,201,113.651,322,68.0464,158,106.6,181,112.7,298,68.2,153,-3.58,258,2024-03-07
Idaho St.,BSky,12-19,0.330508,254,-6.89,260,254,278,320,-14.307728759472,315,223,0-1,0-1,2-8,8-9,104.574,222,111.194,262,64.0781,342,104.6,227,111.4,266,64.2,341,-3.58,259,2024-03-07
San Diego,WCC,17-14,0.331208,253,-6.68,257,255,212,147,-6.95154710994,160,134,0-6,1-3,2-3,12-2,102.709,254,109.181,222,71.1882,29,102.5,258,109.2,219,71.1,32,-0.58,168,2024-03-07
Albany,AE,13-18,0.320618,261,-6.25,252,256,281,272,-12.736895683617,295,197,0-2,0-3,1-7,11-6,105.249,209,112.351,292,73.3304,7,105.6,204,111.9,278,73.4,6,-4.18,277,2024-03-07
Niagara,MAAC,14-14,0.289584,272,-7.58,267,257,240,311,-10.208345208142,238,181,0-0,0-3,6-1,7-10,103.381,242,111.771,277,68.0223,162,104.1,233,111.7,274,68.1,157,-5.81,317,2024-03-07
North Dakota St.,Sum,15-16,0.321582,260,-8.1,271,258,244,268,-10.73748608299,247,188,0-2,0-2,4-6,8-6,105.038,213,112.083,285,65.9413,277,104.7,224,112.8,301,66,279,-2.06,210,2024-03-07
UTSA,Amer,11-19,0.353102,240,-6.37,254,259,261,171,-12.444972332412,283,190,1-2,1-4,2-9,6-4,108.832,141,114.715,337,70.9174,34,108.3,152,114.7,335,71,36,0.14,146,2024-03-07
Ball St.,MAC,15-15,0.327399,255,-7.48,264,260,268,255,-11.331474616341,267,184,0-1,0-2,0-7,13-5,104.31,227,111.049,259,66.6753,247,103.9,235,111.4,263,67,235,-6.85,332,2024-03-07
Central Michigan,MAC,17-13,0.310446,265,-7.51,265,261,187,150,-6.9869198764933,161,127,1-3,0-3,2-3,13-4,97.716,331,104.738,136,65.8332,286,98.2,321,105.7,147,65.6,300,-3.21,246,2024-03-07
The Citadel,SC,11-20,0.274447,284,-6.81,258,262,309,251,-14.526599388657,316,224,0-0,1-5,1-10,6-5,102.213,259,111.23,266,65.3342,306,103.5,242,110.3,243,65.5,301,-0.64,169,2024-03-07
Kennesaw St.,ASun,15-16,0.283481,276,-7.22,263,263,299,312,-12.055221429379,276,199,0-0,0-2,1-5,11-9,105.681,200,114.555,334,74.2932,4,106.3,187,113.6,319,74.4,4,-4.22,279,2024-03-07
Canisius,MAAC,12-16,0.325501,257,-8.08,270,264,267,211,-11.202037139272,265,183,1-1,0-2,2-7,8-6,102.693,255,109.41,228,67.338,208,102.1,266,110.1,241,67.3,217,-3.17,244,2024-03-07
North Carolina Central,MEAC,16-12,0.339927,249,-6.04,249,265,246,249,-8.4328797330313,194,173,0-2,0-1,0-3,12-6,105.344,206,111.602,273,66.6536,248,105.2,215,111.2,259,66.8,244,-7.94,347,2024-03-07
Nicholls St.,Slnd,17-13,0.298426,271,-7.75,268,266,198,181,-7.1138942131228,165,146,0-4,1-2,0-4,13-3,103.386,241,111.364,267,66.4893,258,103.5,241,111.2,260,66.4,261,-3.47,255,2024-03-07
Queens,NA,14-19,0.3239,259,-7.57,266,267,NA,NA,-12.854032553414,NA,NA,0-3,0-3,3-5,9-8,105.631,202,112.611,295,72.9774,10,105.2,214,112.8,302,73,10,-1.49,195,2024-03-07
Southern Utah,WAC,9-20,0.334096,252,-5.6,242,268,307,276,-14.246865740562,314,235,0-3,1-3,1-7,5-7,106.738,178,113.335,316,70.013,58,107.7,167,113.3,312,70.2,58,0.33,141,2024-03-07
Denver,Sum,15-16,0.27961,278,-8.16,273,269,291,294,-11.236958719781,264,208,0-2,0-1,2-5,9-8,109.747,122,119.16,360,70.8499,41,110.5,109,118.7,359,70.8,44,-3.91,270,2024-03-07
Binghamton,AE,15-14,0.302556,267,-8.43,277,270,224,237,-9.2706893681499,213,172,0-3,0-2,1-4,12-5,103.193,246,110.966,257,66.8705,236,103.4,244,111.8,277,66.7,249,-4.21,278,2024-03-07
Air Force,MWC,9-20,0.353999,239,-7.08,262,271,293,143,-12.337188946599,280,205,1-7,1-1,0-6,7-6,107.626,164,113.406,317,62.141,359,106.3,188,113.4,315,62.1,359,1.54,121,2024-03-07
Nebraska Omaha,Sum,14-17,0.310843,264,-6.89,261,272,284,299,-12.17118986682,278,219,0-2,0-1,1-6,9-8,105.3,207,112.848,302,67.6572,189,105.7,203,112.6,290,67.7,191,-4.17,276,2024-03-07
Jacksonville,ASun,16-16,0.230176,305,-8.28,275,273,269,308,-10.769399715255,249,196,0-4,0-0,1-3,12-9,99.0637,314,110.029,242,66.067,274,100.8,288,109.1,216,65.9,285,-4.12,273,2024-03-07
Lehigh,Pat,12-17,0.310328,266,-8.1,272,274,290,307,-12.663079067496,291,220,0-2,0-3,1-3,9-9,100.469,290,107.694,194,70.3478,54,99.9,304,108,193,70.3,54,-6.99,334,2024-03-07
American,Pat,16-15,0.289234,273,-8.75,280,275,276,288,-11.112636304712,261,185,0-2,1-1,0-3,14-9,104.556,224,113.058,309,63.1779,355,104.9,219,113.7,321,63.2,355,-9.82,359,2024-03-07
Howard,MEAC,15-15,0.302393,268,-8.34,276,276,260,273,-10.960854272867,253,192,0-1,0-3,2-4,11-7,106.533,181,114.565,336,68.2514,147,106.4,186,114.7,336,68.2,154,-7.18,338,2024-03-07
Oral Roberts,Sum,11-18,0.270672,288,-8.99,283,277,311,274,-12.595454313554,290,226,0-2,0-2,2-8,6-6,103.64,238,112.969,305,68.3076,143,104,234,113,306,68.4,142,-1.15,186,2024-03-07
Southeastern Louisiana,Slnd,15-15,0.279356,279,-8.2,274,278,248,231,-9.3780970946901,214,182,0-3,1-3,1-3,10-6,101.078,283,109.76,236,64.8973,325,101.3,281,109.5,225,65,325,-4.3,282,2024-03-07
Presbyterian,BSth,14-17,0.271702,286,-8.03,269,279,287,303,-12.704594598321,293,213,0-1,0-1,2-7,9-8,103.882,234,113.181,312,67.7627,183,104.6,225,112.7,295,67.6,196,-4.57,288,2024-03-07
SIU Edwardsville,OVC,16-15,0.265158,291,-9.76,291,280,279,306,-10.844466650682,250,200,0-2,0-1,1-3,12-9,101.69,270,111.115,261,67.0908,221,102.4,261,112.1,283,67.4,209,-7.29,339,2024-03-07
Utah Tech,NA,10-19,0.288008,274,-9.19,286,281,NA,NA,-13.040832751097,NA,NA,0-3,0-5,2-7,7-4,100.782,285,109.034,219,70.3125,55,100.3,295,109.5,226,70.5,51,0.21,143,2024-03-07
Texas Southern,SWAC,13-15,0.270053,289,-8.53,279,282,256,267,-9.5270584241209,217,198,0-5,0-1,0-2,12-7,98.2488,323,107.122,177,67.7363,185,98.4,318,106.9,170,68,167,-6.39,321,2024-03-07
Sacred Heart,NEC,16-15,0.258638,293,-9.83,292,283,280,318,-12.414009519795,282,209,0-2,0-1,0-3,14-10,103.2,245,113.096,310,69.374,89,103.2,247,113.1,307,69.6,78,-10.09,361,2024-03-07
Tennessee St.,OVC,17-14,0.251594,297,-10.35,298,284,258,260,-10.187737936666,236,191,0-2,0-2,0-4,13-6,100.087,296,110.039,243,68.3938,140,100.2,298,110.6,248,68.5,138,-6.71,330,2024-03-07
UMBC,AE,11-20,0.324337,258,-8.5,278,285,295,322,-15.54089544044,323,237,0-2,0-1,0-8,10-9,106.274,188,113.278,315,73.3424,6,105.8,202,114.3,329,73.3,7,-5.55,308,2024-03-07
Jackson St.,SWAC,13-16,0.259673,292,-10.49,299,286,259,289,-10.411094782203,242,202,0-4,0-0,2-4,11-8,101.33,278,110.995,258,69.3459,91,101.1,283,111.6,273,69.2,99,-5.31,301,2024-03-07
Alcorn St.,SWAC,12-17,0.270724,287,-9.32,287,287,231,223,-10.259816734241,237,206,0-5,0-4,0-3,11-5,106.788,177,116.398,350,66.8034,239,107.2,174,116.5,349,66.6,258,-2.31,216,2024-03-07
New Mexico St.,CUSA,12-18,0.273878,285,-9.41,289,288,275,234,-11.422124022199,268,218,0-4,0-2,3-8,5-4,100.167,294,109.03,218,66.5584,253,100.1,300,109.5,223,66.6,255,2.88,105,2024-03-07
South Carolina St.,MEAC,14-16,0.253795,295,-10.11,294,289,253,244,-10.860824353792,251,204,0-3,0-2,0-6,12-5,100.059,297,109.897,240,69.1125,100,100.4,294,110.5,246,69,111,-5.4,303,2024-03-07
Georgia Southern,SB,8-23,0.285598,275,-9.16,285,290,312,328,-16.693594936227,333,245,0-4,0-3,0-5,8-11,106.378,185,115.207,343,68.9241,111,106,199,115.1,340,69,110,-1.46,193,2024-03-07
Boston University,Pat,15-16,0.249207,300,-10.18,296,291,264,324,-12.70207893026,294,210,0-0,0-3,0-2,14-11,99.1207,311,109.097,221,66.113,271,99,314,109.2,218,66.1,273,-8.19,350,2024-03-07
Bucknell,Pat,13-18,0.27656,281,-10.05,293,292,282,300,-13.33397550874,305,214,0-2,1-2,0-5,12-9,99.8583,299,108.567,209,65.0162,319,100,301,110,238,65,322,-6.46,326,2024-03-07
Grambling St.,SWAC,16-13,0.255019,294,-9.05,284,293,214,215,-7.0319097203426,162,16,0-6,0-0,1-2,12-5,98.3073,320,107.912,198,65.2766,313,99.3,309,108.4,201,65.2,315,-4.82,294,2024-03-07
Middle Tennessee,CUSA,13-17,0.299081,270,-8.91,281,294,250,252,-11.902545856997,274,207,0-1,0-1,3-11,8-4,99.2614,309,106.892,170,65.172,316,98.6,317,107.5,181,65.3,310,-0.96,182,2024-03-07
Western Michigan,MAC,11-19,0.201882,318,-11.09,300,295,305,285,-14.097102624398,311,229,0-2,0-3,2-7,8-7,99.298,308,111.905,278,68.4764,135,100.3,296,111.4,264,68.6,133,-3.69,266,2024-03-07
Campbell,CAA,14-17,0.250132,299,-11.26,303,296,285,292,-12.468418377007,284,217,0-1,0-4,2-4,9-8,101.932,263,112.143,287,66.6051,251,101.4,279,112.6,294,67,236,-5.5,305,2024-03-07
FIU,CUSA,10-19,0.274951,282,-8.94,282,297,296,283,-13.597365329707,307,228,0-2,0-3,2-7,7-7,102.208,260,111.199,264,70.5908,48,102.5,259,111.4,267,70.5,49,-1.65,198,2024-03-07
Old Dominion,SB,7-25,0.25109,298,-9.64,290,298,334,330,-18.787770498369,350,254,0-3,0-6,1-5,5-11,99.6705,303,109.606,232,70.0111,59,99.9,302,109.6,228,70.3,55,-0.28,157,2024-03-07
Valparaiso,MVC,7-24,0.265802,290,-10.13,295,299,322,263,-16.260005139571,331,246,0-5,0-5,1-9,5-5,101.814,268,111.219,265,67.8982,171,101.4,277,111.6,271,68,164,2.22,110,2024-03-07
USC Upstate,BSth,10-19,0.278549,280,-9.33,288,300,303,297,-13.729025341869,308,238,0-1,1-2,2-8,4-8,101.852,265,110.639,251,67.0879,222,101.7,273,111,253,67.2,222,-0.56,167,2024-03-07
Chicago St.,ind,12-18,0.23187,303,-11.09,301,301,289,204,-12.10973368847,277,216,1-1,0-5,1-6,7-6,98.5773,317,109.398,227,65.4244,303,99.5,305,110.6,249,64.8,330,-1.65,199,2024-03-07
Northern Illinois,MAC,10-20,0.223598,307,-11.94,308,302,315,278,-13.777251051469,309,233,0-4,2-1,3-7,3-8,102.763,253,114.511,332,68.349,142,102.9,253,114.8,338,68.3,149,0.16,145,2024-03-07
Louisiana Monroe,SB,11-19,0.25318,296,-10.34,297,303,304,291,-12.840660954516,299,232,0-4,0-0,3-8,6-7,101.674,271,111.702,276,67.2026,217,101,286,111.3,262,67.5,199,-0.67,171,2024-03-07
Portland,WCC,11-20,0.282726,277,-11.35,304,304,286,281,-12.577003164005,287,236,0-6,0-4,2-2,7-8,104.953,217,113.803,325,68.4671,136,103.3,245,114.7,334,68.4,143,1.34,126,2024-03-07
Robert Morris,Horz,10-22,0.205797,317,-11.7,306,305,323,293,-16.784866658718,334,244,0-2,0-1,1-13,7-6,101.839,266,114.528,333,67.354,205,102.4,262,114.1,326,67.4,208,-3.31,250,2024-03-07
Le Moyne,NA,14-16,0.23771,301,-11.57,305,306,NA,NA,-12.574735957697,NA,NA,0-1,0-1,2-4,10-10,101.18,281,111.97,281,67.8272,176,101.1,284,112.6,292,67.8,181,-8.93,354,2024-03-07
Bethune Cookman,SWAC,15-15,0.211002,311,-12.38,311,307,272,313,-11.252017052329,266,215,0-2,0-1,1-2,12-10,99.7958,300,111.923,279,69.8005,68,99.2,311,111.6,270,70,66,-8.79,353,2024-03-07
Delaware St.,MEAC,13-16,0.235019,302,-11.14,302,308,301,314,-12.040148327265,275,225,0-2,0-1,0-3,11-10,96.3323,339,106.743,169,69.44,83,96.4,340,107.6,184,69.2,96,-7.32,340,2024-03-07
Elon,CAA,13-18,0.223208,308,-12.91,316,309,292,271,-12.590543858028,289,222,0-2,1-3,0-6,10-7,104.101,230,116.025,348,68.0156,164,103.7,238,116.6,351,67.9,174,-4.31,283,2024-03-07
Eastern Illinois,OVC,14-17,0.209294,314,-13.04,317,310,308,304,-11.850052168893,273,230,0-3,0-2,2-3,8-9,97.7162,330,109.689,233,66.8362,238,97.4,329,110.5,245,67.1,226,-6.46,325,2024-03-07
Lafayette,Pat,11-20,0.207325,315,-12.71,312,311,319,321,-15.600136553744,324,240,0-1,1-2,0-7,9-10,95.444,344,107.25,184,65.3838,304,94.8,345,107.5,180,65.5,306,-5.9,319,2024-03-07
Alabama St.,SWAC,12-17,0.19814,320,-12.26,309,312,320,282,-11.625647757747,271,234,0-4,0-3,1-2,8-8,93.2418,353,105.294,145,67.8442,175,93.7,350,106,150,67.9,175,-5.83,318,2024-03-07
Wagner,NEC,13-15,0.228841,306,-12.73,313,313,298,309,-11.65086014802,272,221,0-2,0-0,2-4,10-9,96.8309,336,107.62,191,61.5963,360,95.9,341,108.6,208,61.8,360,-9.69,356,2024-03-07
Northern Arizona,BSky,14-18,0.199488,319,-11.87,307,314,270,242,-12.158689529568,279,212,0-3,1-1,2-9,11-5,99.7825,301,112.597,294,68.6089,129,100.2,297,112.1,282,68.7,125,-2.74,229,2024-03-07
Navy,Pat,13-17,0.169946,325,-13.98,323,315,310,325,-13.993190832643,310,231,0-0,0-3,0-3,12-11,98.1548,326,112.67,298,65.6909,293,97.8,327,111.7,275,65.9,286,-10.39,362,2024-03-07
Charleston Southern,BSth,10-19,0.184833,323,-13.12,319,316,306,296,-12.844712671626,298,241,0-3,0-3,2-5,5-8,95.9652,341,109.183,223,67.0175,226,96.8,337,109.9,234,67.2,220,0.23,142,2024-03-07
Bellarmine,NA,8-23,0.231541,304,-12.83,314,317,NA,NA,-17.049853677415,NA,NA,0-3,0-2,1-7,4-11,101.912,264,113.117,311,65.3031,308,101.3,280,114.2,327,65.2,313,-0.39,164,2024-03-07
Coastal Carolina,SB,9-21,0.212665,310,-12.34,310,318,324,317,-16.421012444265,332,248,0-2,0-3,1-7,6-9,100.355,292,112.453,293,69.4786,80,100.6,292,112.9,303,69.8,74,-2.75,230,2024-03-07
Idaho,BSky,11-20,0.220911,309,-13.25,320,319,313,315,-15.310179340076,319,243,0-1,0-3,2-7,7-9,100.535,289,112.18,288,65.0211,318,99.5,306,112.7,299,65.1,317,-3.71,267,2024-03-07
South Dakota,Sum,12-19,0.210128,312,-13.04,318,320,314,327,-15.022400912778,318,242,0-1,0-0,1-8,8-10,104.508,225,117.262,354,69.1703,98,104.1,231,117.2,353,69.1,102,-4.43,285,2024-03-07
Fairleigh Dickinson,NEC,15-16,0.14456,332,-14.78,325,321,300,335,-13.486434305077,306,16,0-2,0-0,0-3,13-12,97.5442,332,113.853,326,72.3536,16,99.3,310,114,325,72.4,16,-9.74,357,2024-03-07
DePaul,BE,3-27,0.209476,313,-12.88,315,322,340,184,-14.139756727394,312,256,0-15,0-7,0-2,3-3,101.529,276,113.958,328,68.0341,161,101.8,269,114.7,333,68,165,11.46,7,2024-03-07
Eastern Michigan,MAC,13-17,0.169363,326,-15.19,326,323,302,284,-12.812632378042,297,227,0-2,1-1,0-6,10-8,97.8261,329,112.333,291,65.7011,291,97.8,326,113,304,65.7,295,-5.51,307,2024-03-07
Sacramento St.,BSky,8-23,0.193999,322,-13.95,322,324,327,344,-17.860912101159,343,258,0-1,0-2,3-9,3-11,98.9588,315,112.006,282,64.0132,344,98.7,316,112.7,297,64,345,-1.65,200,2024-03-07
Prairie View A&M,SWAC,10-20,0.112324,348,-16.74,331,325,338,336,-14.898869130936,317,247,0-3,0-2,2-3,6-12,94.8986,347,113.587,321,70.7338,46,95.3,342,112,280,70.6,46,-5.75,315,2024-03-07
William & Mary,CAA,9-22,0.196138,321,-14.28,324,326,328,331,-17.53294637052,339,253,0-1,0-2,0-9,7-10,100.567,288,113.691,323,66.0683,273,101,285,115.3,341,66.1,274,-4.86,295,2024-03-07
UT Rio Grande Valley,WAC,6-23,0.142888,333,-15.73,328,327,339,310,-17.095559434794,337,263,0-3,0-3,2-9,2-8,96.708,338,113.01,308,71.6862,24,97,332,112.8,300,71.9,20,1.21,128,2024-03-07
Arkansas Pine Bluff,SWAC,13-16,0.150472,329,-17.27,335,328,316,298,-11.211401874367,263,239,0-4,0-1,0-2,9-9,101.817,267,118.355,358,72.0123,19,101.6,274,118.8,360,72,19,-8.52,351,2024-03-07
Northwestern St.,Slnd,9-21,0.206375,316,-13.89,321,329,325,341,-16.013080634723,329,255,0-3,0-2,0-4,7-12,99.6316,304,112.012,283,67.8513,174,99.4,307,113.3,311,67.8,183,-4.58,289,2024-03-07
Southern Indiana,NA,8-23,0.171129,324,-15.3,327,330,NA,NA,-17.87087495087,NA,NA,0-3,1-1,0-6,4-13,98.2825,321,112.734,299,69.3464,90,96.9,335,112.2,286,69.4,86,-5.49,304,2024-03-07
NJIT,AE,7-21,0.163179,328,-17.02,332,331,330,351,-16.249314402441,330,251,0-1,0-3,3-3,3-14,99.0722,313,114.206,330,66.5111,256,98.1,325,115.1,339,66.5,260,-3.13,242,2024-03-07
Texas A&M Commerce,NA,11-19,0.14575,331,-15.88,329,332,NA,NA,-12.873256061209,NA,NA,0-6,1-1,0-3,7-9,97.0765,334,113.213,313,66.5513,255,96.7,338,112.6,291,66.6,257,-2.88,235,2024-03-07
Alabama A&M,SWAC,9-20,0.120323,340,-17.47,336,333,317,316,-15.52075253566,322,249,0-1,0-3,0-7,9-9,93.3303,351,110.956,256,70.7574,43,93.6,352,111.1,254,70.8,43,-6.66,328,2024-03-07
Dartmouth,Ivy,6-21,0.14238,334,-17.09,334,334,329,279,-15.386979829082,321,252,0-2,0-4,0-9,4-6,95.0109,346,111.067,260,65.2899,311,94.1,348,111.1,257,65.5,305,0.36,140,2024-03-07
Tennessee Tech,OVC,10-21,0.113155,347,-16.61,330,335,332,340,-16.849587801883,335,257,0-1,0-1,0-8,7-11,95.9638,342,114.779,339,65.9116,279,96.9,334,113.5,318,65.9,282,-5.36,302,2024-03-07
Hampton,CAA,8-23,0.166154,327,-17.59,337,336,335,343,-18.908532287992,351,268,0-0,0-3,1-9,4-11,99.2451,310,114.19,329,70.0634,57,96.9,336,114.5,331,70.1,61,-4.38,284,2024-03-07
North Carolina A&T,CAA,7-24,0.127861,337,-18.55,342,337,333,305,-17.620451137046,340,262,0-2,0-7,0-7,7-8,96.9449,335,114.56,335,68.1073,156,97.2,331,115.7,345,67.9,173,-2.21,214,2024-03-07
Army,Pat,10-22,0.119814,341,-18.96,344,338,347,362,-19.138408196669,352,259,0-0,0-2,0-2,8-18,92.8128,355,110.387,247,63.2266,354,91.7,357,110.7,250,63.3,353,-9.65,355,2024-03-07
Morgan St.,MEAC,10-19,0.14168,335,-17.04,333,339,318,326,-14.180931119898,313,250,0-3,0-2,0-3,7-11,99.3339,307,116.179,349,70.5709,49,98.9,315,116,347,70.8,45,-4.81,293,2024-03-07
Manhattan,MAAC,6-21,0.118668,343,-19.31,347,340,342,332,-15.994370383421,328,261,0-2,0-0,2-9,3-10,96.1036,340,114.409,331,69.0143,107,95.2,343,114.5,332,68.9,115,-3.15,243,2024-03-07
Florida A&M,SWAC,6-22,0.116458,345,-18.16,340,341,341,329,-15.629468284565,325,269,0-6,0-2,0-1,5-12,95.2321,345,113.582,320,68.353,141,94.9,344,113,305,68.7,126,-3.36,251,2024-03-07
Central Arkansas,ASun,9-23,0.138545,336,-17.68,338,342,337,352,-18.548309617068,349,264,0-1,0-1,1-7,6-14,98.4676,318,115.426,345,69.3985,87,98.2,322,115.9,346,69.6,81,-4.89,296,2024-03-07
New Orleans,Slnd,9-21,0.149905,330,-18.13,339,343,343,338,-16.009272212793,327,265,0-3,0-3,0-3,5-12,100.336,293,116.679,352,71.8673,22,99.1,312,117.2,354,72.3,17,-4.29,281,2024-03-07
Buffalo,MAC,4-26,0.11679,344,-19.01,345,344,353,333,-20.638711251377,356,277,0-3,0-3,0-10,3-10,96.8194,337,115.443,346,69.1416,99,96.5,339,115.5,344,69.3,91,-1.94,205,2024-03-07
Incarnate Word,Slnd,8-22,0.120559,339,-18.38,341,345,350,354,-18.234820706092,348,270,0-2,0-1,1-4,5-15,98.1375,327,116.649,351,69.9443,63,98.2,323,116.6,350,70.1,60,-7.15,337,2024-03-07
Cal Poly,BW,4-26,0.107436,350,-18.65,343,346,356,355,-21.655255134895,361,278,0-0,0-1,1-12,2-13,93.2501,352,112.1,286,65.8694,283,93.6,351,112.3,288,66,277,-1.97,206,2024-03-07
Loyola MD,Pat,7-25,0.121031,338,-20.25,349,347,348,361,-20.485455523537,354,274,0-1,0-3,1-4,5-17,95.7652,343,113.785,324,65.9516,276,94.2,347,114.4,330,66.1,275,-6.86,333,2024-03-07
LIU Brooklyn,NEC,7-21,0.11904000000000001,342,-19.25,346,348,336,346,-16.957098627941,341,266,0-0,0-3,1-7,6-12,94.838,348,112.868,303,70.4115,51,93.9,349,113.2,310,70.4,52,-6.46,324,2024-03-07
Southeast Missouri St.,OVC,9-22,0.0864665,353,-21.15,352,349,346,347,-17.951828884082,345,272,0-2,0-1,0-7,5-12,91.8468,357,112.745,300,69.4893,79,91.9,356,113.1,308,69.4,85,-5.6,311,2024-03-07
Holy Cross,Pat,10-22,0.10612,351,-19.65,348,350,331,357,-18.215828350244,347,260,0-1,0-2,1-4,8-15,101.11,282,121.695,362,65.8844,281,101.5,275,121.2,362,66,276,-8.57,352,2024-03-07
St. Francis PA,NEC,8-21,0.0667055,360,-22.39,356,351,352,350,-17.380494092131,338,271,0-1,0-3,0-3,6-14,94.6438,349,119.051,359,65.8988,280,94.8,346,117.2,352,65.9,283,-7.95,348,2024-03-07
Maryland Eastern Shore,MEAC,8-19,0.0826003,355,-21.08,351,352,344,323,-15.359828150915,320,267,0-0,0-4,0-5,4-10,89.0449,360,109.781,237,67.3664,202,89,360,110,239,67.4,211,-4.77,292,2024-03-07
Pacific,WCC,6-25,0.116357,346,-21.54,354,353,354,342,-18.041044927728,346,275,0-6,1-2,0-4,3-13,98.2574,322,117.2,353,68.3071,144,97,333,118.5,357,68.3,144,-0.34,162,2024-03-07
Siena,MAAC,4-25,0.079182,356,-23.12,359,354,355,358,-20.299068441008,353,276,0-2,0-1,0-8,4-14,91.6944,358,113.501,319,66.618,249,91.1,358,114.2,328,66.7,247,-3.76,268,2024-03-07
Lindenwood,NA,9-22,0.0828984,354,-22.4,357,355,NA,NA,-17.829985264883,NA,NA,0-2,0-1,0-3,6-16,93.16,354,114.816,340,67.639,191,92.4,354,114.8,337,67.5,204,-7.45,342,2024-03-07
VMI,SC,4-27,0.0719588,357,-21.41,353,356,358,339,-21.331683737548,359,281,0-2,0-3,0-12,1-10,89.6808,359,112.012,284,74.6808,2,90.1,359,111.5,269,74.7,2,-0.25,156,2024-03-07
Stonehill,NA,4-27,0.0718089,358,-23.09,358,357,NA,NA,-21.555866614859,NA,NA,0-2,0-3,0-7,3-15,92.1508,356,115.119,342,68.2848,146,92.4,355,115.5,342,67.9,177,-5.66,313,2024-03-07
Houston Christian,Slnd,6-22,0.0872774,352,-22.09,355,358,351,334,-16.000633588709,326,273,0-6,0-2,0-2,4-12,98.1576,325,120.385,361,71.947,20,97.4,330,119.5,361,71.9,21,-3.08,241,2024-03-07
Detroit,Horz,1-31,0.107525,349,-20.71,350,359,361,349,-24.359504335598,362,283,0-2,0-4,0-14,1-11,98.0307,328,117.837,355,67.3661,203,97.4,328,118.1,356,67.2,219,-0.93,180,2024-03-07
Coppin St.,MEAC,2-25,0.0519338,361,-25.06,360,360,360,356,-20.73118966166,357,280,0-3,0-0,0-8,2-14,87.4991,361,112.639,296,66.409,261,87.2,361,112.3,289,66.2,271,-5.58,309,2024-03-07
IUPUI,Horz,6-26,0.0672358,359,-25.66,361,361,357,348,-21.08142230469,358,279,0-1,0-2,1-12,2-11,94.0832,350,118.258,357,67.6049,194,92.9,353,118.5,358,67.8,182,-3.45,254,2024-03-07
Mississippi Valley St.,SWAC,1-28,0.0250284,362,-33.23,362,362,362,353,-20.553155973509,355,282,0-6,0-4,0-3,1-15,85.914,362,118.134,356,65.0664,317,84.3,362,117.5,355,65.3,311,-2.47,220,2024-03-07
